<?xml version="1.0" encoding="UTF-8"?>
<!-- New document created with EditiX at Tue Jun 07 14:21:44 CEST 2011 -->
<req_document xsi:schemaLocation="req_document.xsd req_document.xsd" 
xmlns:xsi="http://www.w3.org/2001/XMLSchema-instance" 
xmlns="req_document.xsd">

<title>Qhedache, Version 1.0</title>
<version>1.0</version>
<p id= "1">
<title>Introduction</title>
<p id="1.1">
<title>Purpose</title>
<text_body>
This specifications establishes the requirements for the product named
Qheadache. The intended audience is the analyst, programmer and tester of
Qheadache.
</text_body>
</p>
<p id="1.2">
<title>Scope</title>
<text_body>The product is a computerized game that displays an interface used to solve a
specific headache.</text_body>
</p>
<p id="1.3">
<title>Definitions, Acronyms, and Abbreviations</title>
<text_body>Not applicable.</text_body>
</p>
<p id="1.4">
<title>References</title>
<text_body>Not applicable.</text_body>
</p>
<p id="1.5">
<title>SRS Document Overview</title>
<text_body>The remaining sections of this document provide a general description, including
characteristics of the users of this project, the product' hsardware, and the
functional and data requirements of the product. General description of the
project is discussed in section 2 of this document. Section 2 gives the functional
requirements, data requirements and constraints and assumptions made while
designing the game. It also gives the user viewpoint of product use. Section 3
gives the specific requirements of the product. Section 3.0 also discusses the
external interface requirements and gives detailed description of functional
requirements.</text_body>
</p>
</p>
<p id="2">
<title>GENERAL DESCRIPTION</title>
<p id="2.1">
<title>Product Perspective</title>
<p id="2.1.1">
<title>User Interfaces</title>
<text_body>The product runs as a standalone application.
Its user interface uses menus, graphics and sounds.</text_body>
</p>
<p id="2.1.2">
<title>Hardware Interfaces</title>
<text_body>The product requires the use of a keyboard and a mouse to interface with the
user. It requires a graphical display of at least 800*600 resolution.</text_body>
</p>
<p id="2.1.3">
<title>Software Interfaces</title>
<text_body>The product uses the Qt graphical library. It must run with all the operating
systems that Qt supports.</text_body>
</p>
<p id="2.1.4">
<title>Communications Interfaces</title>
<text_body>Not applicable.</text_body>
</p>
<p id="2.1.5">
<title>Memory Constraints</title>
<text_body>Not applicable.</text_body>
</p>
<p id="2.1.6">
<title>Site Adaptation Requirements</title>
<text_body>Not applicable.</text_body>
</p>
</p>
<p id="2.2">
<title>Product Functions</title>
<p id="2.2.1">
<title>Undo et Redo Actions.</title>
<text_body>The user must undo and redo its last thousand actions.</text_body>
</p>
<p id="2.2.2">
<title>Time passed to play.</title>
<text_body>The product must count and display the time that the user uses to play.</text_body>
</p>
<p id="2.2.3">
<title>Count of action number.</title>
<text_body>The product must count and display the number of the user' asction.</text_body>
</p>
<p id="2.2.4">
<title>Score.</title>
<text_body>The product must record the score (time and number of counts) of a play
associated with the name of a user.</text_body>
</p>
<p id="2.2.5">
<title>Score window.</title>
<text_body>The product must display a window with all the player' scores.</text_body>
</p>
</p>
<p id="2.3">
<title>User Characteristics</title>
<text_body>No qualification is necessary.</text_body>
</p>
<p id="2.4">
<title>Start Up Requirements</title>
<text_body>Not applicable.</text_body>
</p>
<p id="2.5">
<title>Apportioning of Requirements</title>
<text_body>Not applicable.</text_body>
</p>
</p>
<p id="3">
<title>SPECIFIC REQUIREMENTS</title>
<p id="3.1">
<title>External Interfaces</title>
<text_body>The product generally requires a mouse and a keyboard for input. Other pointing
and input devices are allowable, provided they provide similar functions to a
mouse and keyboard, namely the ability to move a cursor onscreen to select
buttons and the ability to type names.
The product uses menus, graphics and sounds. The hardware and operating
system must provide an 800x600 screen resolution. Sound is not required to play
the game.</text_body>
<p id="3.1.1">
<title>User Interfaces</title>
<p id="3.1.1.1">
<title>Introduction</title>
<text_body>The users consist of anyone who wants to play a simple game who knows how to
operate a computer, with a beginning level player starting at age 8, up through an
advanced level player who could be an adult.</text_body>
</p>
<p id="3.1.1.2">
<title>Main window</title>
<text_body>The main window shall provide the following parts :
<itemize>
<item>A board, see chapter 3.2.1.1.</item>
<item>a menu bar, see chapter 3.2.5</item>
</itemize>
</text_body>
</p>
</p>
<p id="3.1.2">
<title>Software Interfaces</title>
<text_body>Not applicable.</text_body>
</p>
<p id="3.1.3">
<title>Communications Interfaces</title>
<text_body>Not applicable.</text_body>
</p>
</p>
<p id="3.2">
<title>Functional Requirements</title>
<p id="3.2.1">
<title>Actions.</title>
<p id="3.2.1.1">
<title>Presentation of the board.</title>
<text_body>The board is a rectangular zone where the user could move some blocks. Let x be
the mesure unit. The height of the board game is 5x, its width is 4x : x can't be
less than 50 pixels and greater than 100 pixels. The blocks are separated by a
marge of 0.1x.
There are four square blocks with a side of x.
There are four rectangular blocks with the following dimensions : a height of 2x
and a width of x.
There is one block with the following dimensions : a height of x and a width of 2x.
There is one square block with a side of 2x.
The board is black and the blocks are yellow.</text_body>
</p>
<p id="3.2.1.2">
<title>Block selection</title>
<p id="3.2.1.2.1">
<title>Description</title>
<text_body>See above chapter 3.2.1.1.</text_body>
</p>
<p id="3.2.1.2.2">
<title>Input</title>
<text_body>Leftclicked
down on a block.</text_body>
</p>
<p id="3.2.1.2.3">
<title>Processing</title>
<text_body>The game state becomes "Block deplacement".</text_body>
</p>
<p id="3.2.1.2.4">
<title>Output</title>
<text_body>None.</text_body>
</p>
</p>
<p id="3.2.1.3">
<title>Block deselection</title>
<p id="3.2.1.3.1">
<title>Description</title>
<text_body>See above chapter 3.2.1.1.</text_body>
</p>
<p id="3.2.1.3.2">
<title>Input</title>
<text_body>Leftclicked
up on a selected block.</text_body>
</p>
<p id="3.2.1.3.3">
<title>Processing</title>
<text_body>The game state becomes "Block selection".</text_body>
</p>
<p id="3.2.1.3.4">
<title>Output</title>
<text_body>None.</text_body>
</p>
</p>
<p id="3.2.1.4">
<title>Block movement</title>
<p id="3.2.1.4.1">
<title>Description</title>
<text_body>See above chapter 3.2.1.1.</text_body>
</p>
<p id="3.2.1.4.2">
<title>Input</title>
<text_body>Mouse movement during the "Block movement" state.</text_body>
</p>
<p id="3.2.1.4.3">
<title>Processing</title>
<text_body>The selected block follows the mouse movement without overlapp the other
blocks and exit of the game zone. The selected block can' mt ove near other blocks
at least 0.05x from the others blocks.</text_body>
</p>
<p id="3.2.1.4.4">
<title>Output</title>
<text_body>None.</text_body>
</p>
</p>
<p id="3.2.1.5">
<title>Undo Action</title>
<p id="3.2.1.5.1">
<title>Descritption</title>
<text_body>The user can cancel a movement.</text_body>
</p>
<p id="3.2.1.5.2">
<title>Input</title>
<text_body>Menu selection.</text_body>
</p>
<p id="3.2.1.5.3">
<title>Processing</title>
<text_body>The game displays the block positions at the places where they were before the
last movement. This action is consider like a movement. The "undo" action is
unvailable if there was no previous movement.</text_body>
</p>
<p id="3.2.1.5.4">
<title>Output</title>
<text_body>New game board display.</text_body>
</p>
</p>
<p id="3.2.1.6">
<title>Redo Action</title>
<p id="3.2.1.6.1">
<title>Descritption</title>
<text_body>The user can redo a movement that has been canceled.</text_body>
</p>
<p id="3.2.1.6.2">
<title>Input</title>
<text_body>Menu selection.</text_body>
</p>
<p id="3.2.1.6.3">
<title>Processing</title>
<text_body>The game displays the block positions at the places where they were before the
last movement was canceled. This action is consider like a movement. The redo
action is unvailable, if the previous action wasn't a n "undo" action.</text_body>
</p>
<p id="3.2.1.6.4">
<title>Output</title>
<text_body>New game board display.</text_body>
</p>
</p>
</p>
<p id="3.2.2">
<title>End of the game management</title>
<p id="3.2.2.1">
<title>End of the game</title>
<p id="3.2.2.1.1">
<title>Description</title>
<text_body>How the user finishs the game.</text_body>
</p>
<p id="3.2.2.1.2">
<title>Input</title>
<text_body>The great square is moved at the bottom of the board.</text_body>
</p>
<p id="3.2.2.1.3">
<title>Processing</title>
<text_body>All the player statistics are freezed.</text_body>
</p>
<p id="3.2.2.1.4">
<title>Outputs</title>
<text_body>If the number of block movements of the current player is lower than the highest
number of block movement recorded in the statistic file, the The "Finish Window
with Statistcs" is displayed, see chapter 3.2.2.2. If not the "Simple finish Window"
is displayed, see chapter 3.2.2.3.</text_body>
</p>
</p>
<p id="3.2.2.2">
<title>Finish Window with Statistics.</title>
<p id="3.2.2.2.1">
<title>Description</title>
<text_body>The Finish Window with Statisctis contains a the following text : "You win ! Enter
your name : ", an Edit Box that can contain 20 characters and a pushbutton with
the label "OK".</text_body>
</p>
<p id="3.2.2.2.2">
<title>Input</title>
<text_body>The games is over, see chapter 3.2.2.1.</text_body>
</p>
<p id="3.2.2.2.3">
<title>Processing</title>
<text_body>The player clicks on the pushbutton "OK". The player statistics are recorded in the
statistic file of the software, according to the requirement of the chapter 3.2.3.2.</text_body>
</p>
<p id="3.2.2.2.4">
<title>Outputs</title>
<text_body>The "finish" window is closed. The statistic window is displayed, see chapter
3.2.3.4.</text_body>
</p>
</p>
<p id="3.2.2.3">
<title>Simple Finish Window</title>
<p id="3.2.2.3.1">
<title>Description</title>
<text_body>The Simple Finish Window contains a the following text : "You win !" and a
pushbutton with the label "OK".</text_body>
</p>
<p id="3.2.2.3.2">
<title>Input</title>
<text_body>The games is over, see chapter 3.2.2.1.</text_body>
</p>
<p id="3.2.2.3.3">
<title>Processing</title>
<text_body>The player clicks on the pushbutton "OK".</text_body>
</p>
<p id="3.2.2.3.4">
<title>Outputs</title>
<text_body>The Simple Finish Window is closed. The statistic window is displayed, see
chapter 3.2.3.4.</text_body>
</p>
</p>
</p>
<p id="3.2.3">
<title>Statistics Management.</title>
<p id="3.2.3.1">
<title>Player Statistics management</title>
<p id="3.2.3.1.1">
<title>Desciption</title>
<text_body>The following statistics are recorded during the game :
<itemize>
<item>number of block movements since the start.</item>
<item>time since the start.</item>
</itemize>
</text_body>
</p>
<p id="3.2.3.1.2">
<title>Input</title>
<text_body>A block movement.</text_body>
</p>
<p id="3.2.3.1.3">
<title>Processing</title>
<text_body>The number of block movement in incremented of 1. The difference of time of the
block movement and the previous recorded time is recorded.</text_body>
</p>
<p id="3.2.3.1.4">
<title>Output</title>
<text_body>None.</text_body>
</p>
</p>
<p id="3.2.3.2">
<title>Game Statistics management</title>
<p id="3.2.3.2.1">
<title>Desciption</title>
<text_body>The game statistics is composed of 10 player statistics.</text_body>
</p>
<p id="3.2.3.2.2">
<title>Input</title>
<text_body>The Finish Window with Statistics is completed by the player, see chapter 3.2.2.2.</text_body>
</p>
<p id="3.2.3.2.3">
<title>Processing</title>
<text_body>The statistics of the player (its name, the block movement number, the time
passed to solve the headache) is recorded in the statistic file. If 10 player statistics
are already recorded, the player statistics of the file with the greatest number of
block movements is erased.</text_body>
</p>
<p id="3.2.3.2.4">
<title>Output</title>
<text_body>If the file was correctly updated, there is no ouput. If not, like wrong pemissions
or disk full, an error message is displayed.</text_body>
</p>
</p>
<p id="3.2.3.3">
<title>Statistics erasing</title>
<p id="3.2.3.3.1">
<title>Descritption</title>
<text_body>The user could erase all the statistics.</text_body>
</p>
<p id="3.2.3.3.2">
<title>Input</title>
<text_body>Menu selection.</text_body>
</p>
<p id="3.2.3.3.3">
<title>Processing</title>
<text_body>The data stored in the statistic file are erased.</text_body>
</p>
<p id="3.2.3.3.4">
<title>Output</title>
<text_body>If the file was correctly updated, there is no ouput. If not, like wrong pemissions
or disk full, an error message is displayed.</text_body>
</p>
</p>
<p id="3.2.3.4">
<title>Statistic Window.</title>
<p id="3.2.3.4.1">
<title>Descritption</title>
<text_body>The Player Statistics Window is composed of a listbox of 10 lines. Each line is
composed of the name of a player, the number of block movement, the time used
by the player to solve the headache.
This statistcs are read from the statistic file of the game.</text_body>
</p>
<p id="3.2.3.4.2">
<title>Input</title>
<text_body>End of the game (see chapter 3.2.2.1) or menu selection.</text_body>
</p>
<p id="3.2.3.4.3">
<title>Processing</title>
<text_body>Window display.</text_body>
</p>
<p id="3.2.3.4.4">
<title>Output</title>
<text_body>None.</text_body>
</p>
</p>
</p>
<p id="3.2.4">
<title>File management</title>
<p id="3.2.4.1">
<title>Open game</title>
<p id="3.2.4.1.1">
<title>Description</title>
<text_body>Open a previous saved game.</text_body>
</p>
<p id="3.2.4.1.2">
<title>Input</title>
<text_body>Menu selection.</text_body>
</p>
<p id="3.2.4.1.3">
<title>Processing</title>
<text_body>A dialog box is open : the user could choose a file that contains all the data of the
game previously saved.</text_body>
</p>
<p id="3.2.4.1.4">
<title>Ouput</title>
<text_body>The board game is redraw
according to the file data. The player statistics are set
to the player statistics of the file data.</text_body>
</p>
</p>
<p id="3.2.4.2">
<title>Save game</title>
<p id="3.2.4.2.1">
<title>Description</title>
<text_body>Save the current game.</text_body>
</p>
<p id="3.2.4.2.2">
<title>Input</title>
<text_body>Menu selection.</text_body>
</p>
<p id="3.2.4.2.3">
<title>Processing</title>
<text_body>If the game was never saved, the processing is identiqual to the action "Save as...".
If not, the following internal data are saved into the previous file that was used to
to save the the game : the current positions of the blocks, their last 10000
previous positions, the number of the previous movements and the time passed by
the user to solve the headache.</text_body>
</p>
<p id="3.2.4.2.4">
<title>Ouput</title>
<text_body>None.</text_body>
</p>
</p>
<p id="3.2.4.3">
<title>Save game as</title>
<p id="3.2.4.3.1">
<title>Description</title>
<text_body>Save the current game.</text_body>
</p>
<p id="3.2.4.3.2">
<title>Input</title>
<text_body>Menu selection.</text_body>
</p>
<p id="3.2.4.3.3">
<title>Processing</title>
<text_body>A dialog box is open : the user could choose a file that will contain all the data of
the current game. Next, the following internal data are saved into the file : the
current positions of the blocks, their previous positions, the number of the
previous movements and the time passed by the user to solve the headache.</text_body>
</p>
<p id="3.2.4.3.4">
<title>Ouput</title>
<text_body>None.</text_body>
</p>
</p>
<p id="3.2.4.4">
<title>Exit</title>
<p id="3.2.4.4.1">
<title>Description</title>
<text_body>Stop the game</text_body>
</p>
<p id="3.2.4.4.2">
<title>Input</title>
<text_body>Menu selection.</text_body>
</p>
<p id="3.2.4.4.3">
<title>Processing</title>
<text_body>If the game is not saved, a dialog box is displayed that asks to the player if he
wants to save the game. Two choices are possible : "Yes" and "No". If "Yes" is
selected, the action "Save" is processed and the main window disappeared. If "No"
is selected, the main window disappeared.</text_body>
</p>
<p id="3.2.4.4.4">
<title>Ouput</title>
<text_body>None.</text_body>
</p>
</p>
</p>
<p id="3.2.5">
<title>Menu bar</title>
<p id="3.2.5.1">
<title>Game menu</title>
<p id="3.2.5.1.1">
<title>Description</title>
<text_body>Contains "Open game ...", "Save Game ...", "Save Game As..." and "Exit". In this
order.</text_body>
</p>
<p id="3.2.5.1.2">
<title>Input</title>
<text_body>Menu selection.</text_body>
</p>
<p id="3.2.5.1.3">
<title>Processing</title>
<text_body>Action in question is performed :
<itemize>
<item>"Open game ..." >
action "Open game", see chapter 3.2.4.1.</item>
<item>"Save Game ..." >
action "Save Game", see chapter 3.2.4.2.</item>
<item>"Save Game As ..." >
action "Save game as", see chapter 3.2.4.3.</item>
<item>"Exit" >
action "Exit", see chapter 3.2.4.4.</item>
</itemize>
</text_body>
</p>
<p id="3.2.5.1.4">
<title>Output</title>
<text_body>Menu disappears. Requirements of the action determines the continuation.</text_body>
</p>
</p>
<p id="3.2.5.2">
<title>Action menu</title>
<p id="3.2.5.2.1">
<title>Description</title>
<text_body>Contains "Undo" and "Redo". In this order. The menu selection is unvailable if the
associated action is unvailable.</text_body>
</p>
<p id="3.2.5.2.2">
<title>Inputs</title>
<text_body>Menu selection.</text_body>
</p>
<p id="3.2.5.2.3">
<title>Processing</title>
<text_body>Action in question is performed :
<itemize>
<item>"Undo" >
action "Undo", see chapter 3.2.1.5.</item>
<item>"Redo" >
action "Redo", see chapter 3.2.1.6.</item>
</itemize>
</text_body>
</p>
<p id="3.2.5.2.4">
<title>Outputs</title>
<text_body>Menu disappears. Requirements of the action determines the continuation.</text_body>
</p>
</p>
<p id="3.2.5.3">
<title>Statisctis menu</title>
<p id="3.2.5.3.1">
<title>Description</title>
<text_body>Contains "Display" and "Erase". In this order.</text_body>
</p>
<p id="3.2.5.3.2">
<title>Inputs</title>
<text_body>Menu selection.</text_body>
</p>
<p id="3.2.5.3.3">
<title>Processing</title>
<text_body>Action in question is performed :
<itemize>
<item>"Display" >
displays the statistic window, see chapter 3.2.3.4.</item>
<item>"Erase" >
erase the statistics, see chapter 3.2.3.3.</item>
</itemize>
</text_body>
</p>
<p id="3.2.5.3.4">
<title>Outputs</title>
<text_body>Menu disappears. Requirements of the action determines the continuation.</text_body>
</p>
</p>
<p id="3.2.5.4">
<title>Help menu</title>
<p id="3.2.5.4.1">
<title>Description</title>
<text_body>Contains "About".</text_body>
</p>
<p id="3.2.5.4.2">
<title>Inputs</title>
<text_body>Menu selection.</text_body>
</p>
<p id="3.2.5.4.3">
<title>Processing</title>
<text_body>"About Window" is displayed. The "About Windows" is composed of the following
text "Qheadache 1.0 by JeanPhilippe
Brossat jp_brossat@yahoo.fr"</text_body>
</p>
<p id="3.2.5.4.4">
<title>Outputs</title>
<text_body>Menu disappears. Requirements of the action determines the continuation.</text_body>
</p>
</p>
</p>
</p>
<p id="3.3">
<title>3.3Performance Requirements</title>
<text_body>There can be only one user per machine.</text_body>
</p>
<p id="3.4">
<title>Software System Attributes</title>
<text_body>The software must be portable to the Windows OS.</text_body>
</p>
</p>
</req_document>